{"cameraMode":{"drawMode":0,"name":"Shaded","section":"Shading Mode"},"sceneLighting":true,"audioPlay":false,"sceneViewState":{"showFog":true,"showMaterialUpdate":true,"showSkybox":true,"showFlares":true,"showImageEffects":true,"showParticleSystems":true},"in2DMode":false,"pivot":{"x":-0.01218818873167038,"y":-0.31856203079223635,"z":0.32205092906951907},"rotation":{"x":-0.006454931106418371,"y":0.9801596403121948,"z":-0.19544218480587007,"w":-0.03237074986100197},"size":1.2296142578125,"orthographic":false}